{
    "parent": "block/lantern",
    	"display": {
    	"thirdperson_righthand": {
            "rotation": [ 75, 45, 0 ],
            "translation": [ 0, 2.5, 0],
            "scale": [ 0.65, 0.65, 0.65 ]
        },
        "firstperson_righthand": {
            "rotation": [ 0, 45, 0 ],
            "translation": [ 0, 2, 0 ],
            "scale": [ 0.7, 0.7, 0.7 ]
        },
        "firstperson_lefthand": {
            "rotation": [ 0, 225, 0 ],
            "translation": [ 0, 2, 0 ],
            "scale": [ 0.7, 0.7, 0.7 ]
        },
        "gui": {
            "rotation": [ 30, 225, 0 ],
            "translation": [ 0, 3, 0],
            "scale":[ 1.15, 1.15, 1.15 ]
        }
    }
}
