{
	"credit": "Made with Blockbench",
	"ambientocclusion": false,
	"textures": {
		"lever": "block/lever",
		"base": "block/3d/lever",
		"particle": "block/3d/lever"
	},
	"elements": [
		{
			"from": [5, 0, 10.5],
			"to": [11, 3, 13],
			"faces": {
				"north": {"uv": [14, 14, 16, 16], "texture": "#base"},
				"east": {"uv": [3, 3, 0, 5], "rotation": 90, "texture": "#base"},
				"south": {"uv": [3, 13, 9, 16], "texture": "#base"},
				"west": {"uv": [3, 11, 0, 13], "rotation": 90, "texture": "#base"},
				"up": {"uv": [3, 10.5, 9, 13], "texture": "#base"},
				"down": {"uv": [3, 3, 9, 5], "texture": "#base"}
			}
		},
		{
			"from": [7, 1, 7],
			"to": [9, 11, 9],
			"rotation": {"angle": -45, "axis": "x", "origin": [8, 2, 8]},
			"faces": {
				"north": {"uv": [7, 6, 9, 16], "texture": "#lever"},
				"east": {"uv": [7, 6, 9, 16], "texture": "#lever"},
				"south": {"uv": [7, 6, 9, 16], "texture": "#lever"},
				"west": {"uv": [7, 6, 9, 16], "texture": "#lever"},
				"up": {"uv": [7, 6, 9, 8], "texture": "#lever"}
			}
		},
		{
			"from": [5, 0, 3],
			"to": [11, 3, 5.5],
			"faces": {
				"north": {"uv": [3, 3, 9, 0], "texture": "#base"},
				"east": {"uv": [3, 11, 0, 13], "rotation": 90, "texture": "#base"},
				"south": {"uv": [11, 14, 13, 16], "texture": "#base"},
				"west": {"uv": [3, 3, 0, 5], "rotation": 90, "texture": "#base"},
				"up": {"uv": [3, 3, 9, 5.5], "texture": "#base"},
				"down": {"uv": [3, 11, 9, 13], "texture": "#base"}
			}
		},
		{
			"from": [5, 0, 5.5],
			"to": [7, 3, 10.5],
			"faces": {
				"east": {"uv": [16, 14, 11, 16], "texture": "#base"},
				"west": {"uv": [3, 5, 0, 11], "rotation": 90, "texture": "#base"},
				"up": {"uv": [3, 5.5, 5, 10.5], "texture": "#base"},
				"down": {"uv": [4, 5, 6, 11], "texture": "#base"}
			}
		},
		{
			"from": [9, 0, 5.5],
			"to": [11, 3, 10.5],
			"faces": {
				"east": {"uv": [3, 5, 0, 11], "rotation": 90, "texture": "#base"},
				"west": {"uv": [16, 14, 11, 16], "texture": "#base"},
				"up": {"uv": [7, 5.5, 9, 10.5], "texture": "#base"},
				"down": {"uv": [6, 5, 8, 11], "texture": "#base"}
			}
		},
		{
			"from": [7, 0, 5.5],
			"to": [9, 1, 10.5],
			"faces": {
				"up": {"uv": [5, 5.5, 7, 10.5], "texture": "#base"},
				"down": {"uv": [5, 5, 7, 11], "texture": "#base"}
			}
		}
	],
	"display": {
		"thirdperson_righthand": {
			"rotation": [70, 0, 0],
			"translation": [0, 1.75, 4.25],
			"scale": [0.8, 0.8, 0.8]
		},
		"thirdperson_lefthand": {
			"rotation": [70, 0, 0],
			"translation": [0, 1.75, 4.25],
			"scale": [0.8, 0.8, 0.8]
		},
		"firstperson_righthand": {
			"rotation": [-10, 0, 0],
			"translation": [0, 8, 2],
			"scale": [0.8, 0.8, 0.8]
		},
		"firstperson_lefthand": {
			"rotation": [-10, 0, 0],
			"translation": [0, 8, 2],
			"scale": [0.8, 0.8, 0.8]
		},
		"ground": {
			"rotation": [22.5, 0, 0],
			"translation": [0, 5, 2.5],
			"scale": [0.8, 0.8, 0.8]
		},
		"gui": {
			"rotation": [30, 45, 0],
			"translation": [-0.25, 4, 0]
		},
		"head": {
			"translation": [0, 18, 0],
			"scale": [1.5, 1.5, 1.5]
		},
		"fixed": {
			"rotation": [0, -90, 0],
			"translation": [0, 4.75, -0.5]
		}
	}
}