{
	"credit": "Made with Blockbench",
	"ambientocclusion": false,
	"textures": {
		"particle": "block/dark_oak_door_lower",
		"front": "block/dark_oak_door_lower",
		"back": "block/dark_oak_door_lower-rh",
		"edge": "block/dark_oak_door_edge"
	},
	"elements": [
		{
			"from": [0, 2.5, 0],
			"to": [3, 15.5, 2],
			"faces": {
				"north": {"uv": [0, 0.5, 3, 13.5], "texture": "#edge"},
				"east": {"uv": [14, 0.5, 16, 13.5], "texture": "#back"},
				"south": {"uv": [13, 0.5, 16, 13.5], "texture": "#edge"},
				"west": {"uv": [0, 0.5, 2, 13.5], "texture": "#front"}
			}
		},
		{
			"from": [0, 2.5, 14],
			"to": [3, 15.5, 16],
			"faces": {
				"north": {"uv": [0, 0.5, 3, 13.5], "texture": "#edge"},
				"east": {"uv": [0, 0.5, 2, 13.5], "texture": "#back"},
				"south": {"uv": [13, 0.5, 16, 13.5], "texture": "#edge"},
				"west": {"uv": [14, 0.5, 16, 13.5], "texture": "#front"}
			}
		},
		{
			"from": [0, 2.5, 7],
			"to": [3, 15.5, 9],
			"faces": {
				"north": {"uv": [0, 0.5, 3, 13.5], "texture": "#edge"},
				"east": {"uv": [7, 0.5, 9, 13.5], "texture": "#back"},
				"south": {"uv": [0, 0.5, 3, 13.5], "texture": "#edge"},
				"west": {"uv": [7, 0.5, 9, 13], "texture": "#back"}
			}
		},
		{
			"from": [0, 0, 0],
			"to": [3, 2.5, 16],
			"faces": {
				"north": {"uv": [0, 13.5, 3, 16], "texture": "#edge"},
				"east": {"uv": [0, 13.5, 16, 16], "texture": "#back"},
				"south": {"uv": [13, 13.5, 16, 16], "texture": "#edge"},
				"west": {"uv": [0, 13.5, 16, 16], "texture": "#back"},
				"up": {"uv": [12, 0, 15, 16], "texture": "#edge"},
				"down": {"uv": [0, 0, 3, 16], "texture": "#edge"}
			}
		},
		{
			"from": [0, 15.5, 0],
			"to": [3, 16, 16],
			"faces": {
				"north": {"uv": [0, 0, 3, 0.5], "texture": "#edge"},
				"east": {"uv": [0, 0, 16, 0.5], "texture": "#back"},
				"south": {"uv": [13, 0, 16, 0.5], "texture": "#edge"},
				"west": {"uv": [0, 0, 16, 0.5], "texture": "#front"},
				"up": {"uv": [0, 0, 3, 16], "texture": "#edge"},
				"down": {"uv": [0, 0, 3, 16], "texture": "#edge"}
			}
		},
		{
			"from": [1, 2.5, 2],
			"to": [2, 15.5, 7],
			"faces": {
				"east": {"uv": [9, 0.5, 14, 13.5], "texture": "#back"},
				"west": {"uv": [2, 0.5, 7, 13.5], "texture": "#front"}
			}
		},
		{
			"from": [1, 2.5, 9],
			"to": [2, 15.5, 14],
			"faces": {
				"east": {"uv": [2, 0.5, 7, 13.5], "texture": "#back"},
				"west": {"uv": [9, 0.5, 14, 13.5], "texture": "#front"}
			}
		}
	],
	"groups": [
		{
			"name": "door_bottom_master",
			"children": [0, 1, 2, 3, 4, 5, 6]
		}
	]
}