{
    "__comment": "Created in part with opl's Model Creator",
    "ambientocclusion": false,
    "textures": {
        "particle": "block/jungle_door_upper",
        "edge": "block/jungle_door-edge",
        "back": "block/jungle_door_upper-rh",
        "front": "block/jungle_door_upper"
    },
    "elements": [
        {
            "from": [0,0,12],
            "to": [3,16,16],
            "faces": {
                "up": {
                    "uv": [12,0,16,3.5],
                    "texture": "#edge",
                    "cullface": "up",
                    "rotation": 90
                },
                "west": {
                    "texture": "#front",
                    "cullface": "west"
                },
                "east": {
                    "uv": [0,0,4,16],
                    "texture": "#back"
                },
                "north": {
                    "uv": [8,0,5,16],
                    "texture": "#edge"
                },
                "south": {
                    "texture": "#edge"
                }
            }
        },
        {
            "from": [0,13.5,4],
            "to": [3,16,12],
            "faces": {
                "up": {
                    "uv": [4,0,12,3],
                    "texture": "#edge",
                    "cullface": "up",
                    "rotation": 90
                },
                "down": {
                    "uv": [12,0,4,2.5],
                    "texture": "#edge",
                    "rotation": 90
                },
                "west": {
                    "texture": "#front",
                    "cullface": "west"
                },
                "east": {
                    "uv": [4,0,12,2.5],
                    "texture": "#back"
                }
            }
        },
        {
            "from": [0,0,4],
            "to": [3,5,12],
            "faces": {
                "up": {
                    "uv": [4,0,12,3],
                    "texture": "#edge",
                    "rotation": 90
                },
                "west": {
                    "texture": "#front"
                },
                "east": {
                    "texture": "#back"
                }
            }
        },
        {
            "from": [0,0,0],
            "to": [3,16,4],
            "faces": {
                "up": {
                    "uv": [0,0,4,3.5],
                    "texture": "#edge",
                    "rotation": 90
                },
                "west": {
                    "texture": "#front"
                },
                "east": {
                    "uv": [12,0,16,16],
                    "texture": "#back"
                },
                "north": {
                    "texture": "#edge"
                },
                "south": {
                    "texture": "#edge"
                }
            }
        },
        {
            "from": [-1,0.5,13],
            "to": [4,2.5,15],
            "faces": {
                "up": {
                    "uv": [13.05,13.55,14.95,15.45],
                    "texture": "#front"
                },
                "down": {
                    "uv": [13.05,13.55,14.95,15.45],
                    "texture": "#front"
                },
                "west": {
                    "uv": [13.05,13.55,14.95,15.45],
                    "texture": "#front"
                },
                "east": {
                    "uv": [1.05,13.55,2.95,15.45],
                    "texture": "#back"
                },
                "north": {
                    "uv": [13.05,13.55,14.95,15.45],
                    "texture": "#front"
                },
                "south": {
                    "uv": [13.05,13.55,14.95,15.45],
                    "texture": "#front"
                }
            }
        },
        {
            "from": [0,11.5,4],
            "to": [3,13.5,6.5],
            "faces": {
                "down": {
                    "uv": [4,4,7,6.5],
                    "texture": "#edge"
                },
                "west": {
                    "uv": [4,2.5,6.5,4.5],
                    "texture": "#front"
                },
                "east": {
                    "uv": [9.5,2.5,12,4.5],
                    "texture": "#back"
                },
                "south": {
                    "texture": "#edge"
                }
            }
        },
        {
            "from": [0,11.5,9.5],
            "to": [3,13.5,12],
            "faces": {
                "down": {
                    "uv": [9,3.75,12,6.25],
                    "texture": "#edge"
                },
                "west": {
                    "uv": [9.5,2.5,12,4.5],
                    "texture": "#front"
                },
                "east": {
                    "uv": [4,2.5,6.5,4.5],
                    "texture": "#back"
                },
                "north": {
                    "texture": "#edge"
                }
            }
        }
    ]
}