{
    "__comment": "Created in part with opl's Model Creator",
    "ambientocclusion": false,
    "textures": {
        "back": "block/acacia_door_lower",
        "particle": "block/acacia_door_lower",
        "front": "block/acacia_door_lower-rh"
    },
    "elements": [
        {
            "from": [0,0,0],
            "to": [3,16,3],
            "faces": {
                "down": {
                    "uv": [3,12.5,0,15.5],
                    "texture": "#front",
                    "rotation": 90
                },
                "west": {
                    "uv": [3,0,0,16],
                    "texture": "#front",
                    "cullface": "west"
                },
                "east": {
                    "uv": [13,0,16,16],
                    "texture": "#back"
                },
                "north": {
                    "uv": [15.5,0,12.5,16],
                    "texture": "#front",
                    "cullface": "north"
                },
                "south": {
                    "uv": [8,0,11,16],
                    "texture": "#front"
                }
            }
        },
        {
            "from": [1,3,5],
            "to": [2,15,7],
            "faces": {
                
                "west": {
                    "uv": [7,1,5,13],
                    "texture": "#front",
                    "cullface": "west"
                },
                "east": {
                    "uv": [9,1,11,13],
                    "texture": "#back"
                },
                "north": {
                    "uv": [6.5,1,5.5,13],
                    "texture": "#front"
                },
                "south": {
                    "uv": [9.5,1,10.5,13],
                    "texture": "#front"
                }
            }
        },
        {
            "from": [1,3,9],
            "to": [2,15,11],
            "faces": {
                "west": {
                    "uv": [11,1,9,13],
                    "texture": "#front",
                    "cullface": "west"
                },
                "east": {
                    "uv": [5,1,7,13],
                    "texture": "#back"
                },
                "north": {
                    "uv": [10.5,1,9.5,13],
                    "texture": "#front"
                },
                "south": {
                    "uv": [5.5,1,6.5,13],
                    "texture": "#front"
                }
            }
        },
        {
            "from": [0,0,3],
            "to": [3,3,13],
            "faces": {
                "up": {
                    "texture": "#front"
                },
                "down": {
                    "uv": [13,12.5,3,15.5],
                    "texture": "#front",
                    "cullface": "down",
                    "rotation": 90
                },
                "west": {
                    "uv": [13,13,3,16],
                    "texture": "#front",
                    "cullface": "west"
                },
                "east": {
                    "uv": [13,13,3,16],
                    "texture": "#back"
                }
            }
        },
        {
            "from": [0.5,15,3],
            "to": [2.5,16,13],
            "faces": {
                "down": {
                    "texture": "#front"
                },
                "west": {
                    "uv": [13,0,3,1],
                    "texture": "#front",
                    "cullface": "west"
                },
                "east": {
                    "uv": [13,0.15,3,1],
                    "texture": "#back"
                }
            }
        },
        {
            "from": [0,0,13],
            "to": [3,16,16],
            "faces": {
                "down": {
                    "uv": [16,12.5,13,15.5],
                    "texture": "#front",
                    "rotation": 90
                },
                "west": {
                    "uv": [12.950001,0.2,16,16],
                    "texture": "#front"
                },
                "east": {
                    "uv": [0,0,3,16],
                    "texture": "#back"
                },
                "north": {
                    "uv": [4,0,7,16],
                    "texture": "#front"
                },
                "south": {
                    "uv": [12.5,0,15.5,16],
                    "texture": "#front"
                }
            }
        },
        {
            "from": [-1,13.5,1],
            "to": [4,16,2],
            "faces": {
                "down": {
                    "uv": [1,0,2,2.5],
                    "texture": "#front",
                    "rotation": 90
                },
                "west": {
                    "uv": [1,0,2,2.45],
                    "texture": "#front"
                },
                "east": {
                    "uv": [14,0,15,2.45],
                    "texture": "#back"
                },
                "north": {
                    "uv": [1,0,2,2.45],
                    "texture": "#front"
                },
                "south": {
                    "uv": [1,0,2,2.45],
                    "texture": "#front"
                }
            }
        }
    ]
}