{
    "__comment": "Created in part with opl's Model Creator",
    "ambientocclusion": false,
    "textures": {
        "edge": "block/jungle_door-edge",
        "back": "block/jungle_door_lower-rh",
        "particle": "block/jungle_door_lower",
        "front": "block/jungle_door_lower"
    },
    "elements": [
        {
            "from": [0,0,9.5],
            "to": [3,16,16],
            "faces": {
                "down": {
                    "uv": [16.0,0.0,9.5,3.0],
                    "texture": "#edge",
                    "rotation": 90
                },
                "west": {
                    "uv": [9.5,0,16,16],
                    "texture": "#front",
                    "cullface": "west"
                },
                "east": {
                    "uv": [0,0,6.5,16],
                    "texture": "#back"
                },
                "north": {
                    "uv": [8.0,0.0,5.0,16.0],
                    "texture": "#edge"
                },
                "south": {
                    "texture": "#edge"
                }
            }
        },
        {
            "from": [0,14.5,6.5],
            "to": [3,16,9.5],
            "faces": {
                "down": {
                    "uv": [9.5,0.0,6.5,2.5],
                    "texture": "#edge",
                    "rotation": 90
                },
                "west": {
                    "uv": [6.5,0,9.5,1],
                    "texture": "#front",
                    "cullface": "west"
                },
                "east": {
                    "uv": [6.5,0,9.5,1],
                    "texture": "#back"
                }
            }
        },
        {
            "from": [0,0,6.5],
            "to": [3,3,9.5],
            "faces": {
                "up": {
                    "uv": [6.5,0.0,9.5,3.0],
                    "texture": "#edge",
                    "rotation": 90
                },
                "down": {
                    "uv": [9.5,0.0,6.5,3.0],
                    "texture": "#edge",
                    "rotation": 90
                },
                "west": {
                    "uv": [6.5,13,9.5,16],
                    "texture": "#front"
                },
                "east": {
                    "uv": [6.5,13,9.5,16],
                    "texture": "#back"
                }
            }
        },
        {
            "from": [0,0,0],
            "to": [3,16,6.5],
            "faces": {
                "down": {
                    "uv": [6.5,0,0,3.0],
                    "texture": "#edge",
                    "rotation": 90
                },
                "west": {
                    "uv": [0,0,6.5,16],
                    "texture": "#front"
                },
                "east": {
                    "uv": [9.5,0,16,16],
                    "texture": "#back"
                },
                "north": {
                    "texture": "#edge"
                },
                "south": {
                    "texture": "#edge"
                }
            }
        }
    ]
}