{
	"credit": "Made with Blockbench",
	"ambientocclusion": false,
	"textures": {
	    "particle": "block/dark_oak_door_upper",
		"edge": "block/dark_oak_door_edge",
		"1_edge": "block/dark_oak_door_edge",
		"1_front": "block/dark_oak_door_upper",
		"1_back": "block/dark_oak_door_upper-rh"
	},
	"elements": [
		{
			"from": [0, 0, 0],
			"to": [3, 2.5, 16],
			"faces": {
				"north": {"uv": [0, 13.5, 3, 16], "texture": "#1_edge"},
				"east": {"uv": [0, 13.5, 16, 16], "texture": "#1_front"},
				"south": {"uv": [13, 13.5, 16, 16], "texture": "#1_edge"},
				"west": {"uv": [0, 13.5, 16, 16], "texture": "#1_back"},
				"up": {"uv": [0, 0, 3, 16], "texture": "#1_edge"},
				"down": {"uv": [0, 0, 3, 16], "texture": "#1_edge"}
			}
		},
		{
			"from": [0, 2.5, 0],
			"to": [3, 14, 2],
			"faces": {
				"north": {"uv": [0, 2, 3, 13.5], "texture": "#1_edge"},
				"east": {"uv": [14, 2, 16, 13.5], "texture": "#1_front"},
				"south": {"uv": [7, 2, 10, 13.5], "texture": "#1_edge"},
				"west": {"uv": [0, 2, 2, 13.5], "texture": "#1_back"}
			}
		},
		{
			"from": [0, 2.5, 14],
			"to": [3, 14, 16],
			"faces": {
				"north": {"uv": [7.5, 2, 10.5, 13.5], "texture": "#1_edge"},
				"east": {"uv": [0, 2, 2, 13.5], "texture": "#1_front"},
				"south": {"uv": [13, 2, 16, 13.5], "texture": "#1_edge"},
				"west": {"uv": [14, 2, 16, 13.5], "texture": "#1_back"}
			}
		},
		{
			"from": [0, 2.5, 7],
			"to": [3, 14, 9],
			"faces": {
				"north": {"uv": [0, 0, 3, 11.5], "texture": "#1_edge"},
				"east": {"uv": [7, 2, 9, 13.5], "texture": "#1_front"},
				"south": {"uv": [0, 0, 3, 11.5], "texture": "#1_edge"},
				"west": {"uv": [7, 2, 9, 13.5], "texture": "#1_back"}
			}
		},
		{
			"from": [0, 14, 0],
			"to": [3, 16, 16],
			"faces": {
				"north": {"uv": [0, 0, 3, 2], "texture": "#1_edge"},
				"east": {"uv": [0, 0, 16, 2], "texture": "#1_front"},
				"south": {"uv": [13, 0, 16, 2], "texture": "#1_edge"},
				"west": {"uv": [0, 0, 16, 2], "texture": "#1_back"},
				"up": {"uv": [0, 0, 3, 16], "texture": "#1_edge"},
				"down": {"uv": [0, 0, 3, 16], "texture": "#1_edge"}
			}
		},
		{
			"from": [1, 2.5, 2],
			"to": [2, 14, 7],
			"faces": {
				"north": {"uv": [0, 0, 1, 11.5], "texture": "#edge"},
				"east": {"uv": [9, 2, 14, 13.5], "texture": "#1_front"},
				"west": {"uv": [2, 2, 7, 13.5], "texture": "#1_back"}
			}
		},
		{
			"from": [1, 2.5, 9],
			"to": [2, 14, 14],
			"faces": {
				"east": {"uv": [2, 2, 7, 13.5], "texture": "#1_front"},
				"south": {"uv": [0, 0, 1, 12], "texture": "#edge"},
				"west": {"uv": [9, 2, 14, 13.5], "texture": "#1_back"}
			}
		},
		{
			"from": [-1, 0.5, 1.5],
			"to": [4, 2, 3],
			"faces": {
				"north": {"uv": [13, 15, 14.5, 15.5], "rotation": 90, "texture": "#1_front"},
				"east": {"uv": [13, 14, 14.5, 15.5], "texture": "#1_front"},
				"south": {"uv": [13.5, 14, 14, 15.5], "texture": "#1_front"},
				"west": {"uv": [1.5, 14, 3, 15.5], "rotation": 90, "texture": "#1_back"},
				"up": {"uv": [14, 14, 14.5, 15.5], "texture": "#1_front"},
				"down": {"uv": [14, 14, 14.5, 15.5], "texture": "#1_front"}
			}
		},
		{
			"from": [-1, 1, 3],
			"to": [4, 1.5, 5.5],
			"faces": {
				"east": {"uv": [11, 14.5, 13, 15], "rotation": 180, "texture": "#1_front"},
				"south": {"uv": [13, 15, 13.5, 15.5], "texture": "#1_front"},
				"west": {"uv": [3, 14.5, 5, 15], "texture": "#1_back"},
				"up": {"uv": [11, 14.5, 13, 15], "rotation": 90, "texture": "#1_front"},
				"down": {"uv": [12, 14.5, 14, 15], "rotation": 90, "texture": "#1_front"}
			}
		}
	],
	"groups": [
		{
			"name": "door_dark_oak_top",
			"children": []
		}, 0, 1, 2, 3, 4, 5, 6, 7, 8,
		{
			"name": "door_dark_oak_top_rh",
			"children": []
		}
	]
}